{"stroke_f1":0.3965526545802818,"role_f1":0.005318319034921488,"_step":4,"_timestamp":1.7343832142155485e+09,"player_precision":0.6241562303036872,"_wandb":{"runtime":625},"role_precision":0.1282051282051282,"stroke_accuracy":0.6937139830191738,"stroke_precision":0.4912538651554383,"impact_f1":0.039672857158698734,"impact_recall":0.048813081505389204,"type_recall":0.5243176020096023,"role_recall":0.002720376935502206,"train_loss":1.819656069462116,"_runtime":604.5134745,"epoch":5,"player_recall":0.594268595454582,"impact_accuracy":0.030617040389944915,"type_f1":0.45732925490124055,"role_accuracy":0.007374731692349559,"type_precision":0.5131295461637387,"player_f1":0.5116552382059686,"stroke_recall":0.505021078992587,"player_accuracy":0.6064135962108929,"impact_precision":0.03759713522898107,"type_accuracy":0.6363273512847212}